Nombre,Artista,Género,Duración,Reproducciones
Fire,Casey Johnson,Country,3:39,"46,414,283"
Wild Time,The Echos,Country,3:17,"29,765,305"
Silent Sequence,Leo Smith,Metal,2:04,"26,640,059"
Virtual Grid,Maya Williams,Jazz,5:24,"11,494,604"
The Perrin Sequence,Echoes of Oceans,Lo-Fi,3:25,"10,102,562"
Dancing Light,System Illusions,Rhythm,4:27,"8,746,506"
Fading Shadow,Casey Smith,Reggaeton,2:52,"7,883,713"
Digital Night,Jamie Williams,Country,2:39,"7,313,047"
Digital Rift,Dakota Thomas,Rock,4:45,"6,581,707"
Electric Shadow,Casey Anderson,Rhythm,3:33,"6,511,677"
Broken Star,Quinn Thomas,Folk,4:36,"5,927,891"
Echo,Taylor Harris,Country,2:27,"5,705,347"
Road,Quinn Miller,Rock,5:27,"5,413,739"
Crimson Road,Casey Thomas,Folk,3:34,"5,273,269"
Cosmic River,Echoes of Souls,Pop,2:32,"5,137,053"
Grid,Avery Brown,R&B,2:13,"4,990,714"
Light,Avery Williams,Folk,5:00,"4,582,877"
Long Note Symphony,Jordan Johnson,Lo-Fi,3:29,"3,755,823"
Virtual Night,Leo Harris,Rock,2:42,"3,681,925"
Virtual Ocean,Sons of Shadows,Folk,5:52,"3,548,504"
Virtual Night,System Hearts,R&B,3:33,"3,444,799"
Dreams,Band of Hearts,Hip Hop,5:21,"3,320,063"
Fading Dreams,Echoes of Minds,Folk,4:52,"3,301,076"
Buttercup,Jordan Johnson,Electronic,4:18,"3,237,804"
Virtual Ocean,Band of Fires,Lo-Fi,5:34,"3,188,688"
Dark Rift,The Souls,Synthpop,4:40,"2,971,948"
Electric River,Taylor Jones,Hip Hop,2:28,"2,794,448"
Electric Ocean,Chris Thomas,Metal,3:19,"2,593,150"
Electric Grid,Dakota Taylor,Reggaeton,2:09,"2,185,922"
Mind,Avery Anderson,Rhythm,2:06,"2,070,941"
Fading Illusion,Quinn Miller,R&B,2:02,"1,937,183"
Broken Illusion,Quinn Harris,Reggaeton,3:03,"1,876,132"
Rift,Sam Miller,Jazz,2:58,"1,822,115"
Endless Mind,Riley Harris,R&B,4:43,"1,777,781"
Virtual Illusion,System Lights,Electronic,2:14,"1,634,438"
Endless Grid,Riley Anderson,Country,4:12,"1,609,754"
Neon Illusion,Sam Williams,Rock,4:53,"1,576,832"
Whisper,Riley Smith,Rhythm,4:22,"1,535,229"
Mind,Jack Stauber,Indie,3:22,"1,433,452"
Broken Light,Band of Fires,R&B,2:27,"1,377,161"
Golden Light,Sam Miller,Rock,4:55,"1,354,970"
Cosmic Dreams,Band of Minds,Rock,4:28,"1,329,479"
Sequence,Sons of Rifts,Metal,2:53,"1,312,957"
Bitter City,Jordan Harris,Indie,3:17,"1,260,853"
Dark City,Casey Jones,Metal,2:48,"1,197,876"
Dancing Time,Sam Anderson,Hip Hop,3:52,"1,131,844"
Soul,Sons of Rifts,Folk,5:37,"1,059,508"
Endless Echo,Sam Jones,Electronic,3:41,"988,642"
Lost Fire,Sons of Rifts,R&B,3:56,"914,508"
Wild Star,Sons of Lights,Metal,4:05,"905,738"
Mind,Morgan Wilson,Electronic,4:24,"825,541"
Bitter Road,Project Rifts,Jazz,3:26,"818,774"
Lost Dreams,Project Oceans,Metal,4:39,"779,668"
Mind,Project Echos,Reggaeton,5:58,"756,346"
Echo,Echoes of Stars,Rock,3:11,"711,636"
Electric Grid,Taylor Williams,Folk,4:24,"708,794"
Digital Fire,Jamie Davis,Synthpop,4:20,"681,017"
Dancing City,The Rifts,Synthpop,4:23,"673,819"
Silent River,Dakota White,Rock,3:30,"673,766"
Dark Rift,Casey White,Folk,2:17,"627,815"
Endless Light,Quinn Jackson,Synthpop,2:54,"609,316"
Cosmic Illusion,Echoes of Grids,Classical,5:06,"605,144"
Soul,Dakota Taylor,Reggaeton,5:32,"601,585"
Midnight Heart,Casey White,Metal,3:23,"597,198"
Shadow,Sam Miller,Hip Hop,2:38,"589,270"
Wild Rift,Jordan Williams,Folk,5:01,"578,643"
Secret Heart,Alex Moore,Folk,4:22,"577,209"
Buttercup,Cephalon Suda,Lo-Fi,2:36,"570,465"
Digital Echo,Echoes of Times,Electronic,3:56,"526,185"
Long Note Symphony,New Loka Choirs,Indie,3:11,"514,200"
Dark Illusion,Maya Brown,Indie,4:20,"469,018"
Dark City,Maya Anderson,Metal,4:23,"394,423"
Midnight Sequence,Band of Times,Jazz,4:55,"386,916"
Bitter River,Jamie Taylor,Rock,3:28,"382,191"
Orokin Echoes,Avery Harris,Electronic,4:15,"354,585"
Endless Ocean,Casey White,Hip Hop,4:15,"339,076"
Golden Soul,Morgan Miller,Indie,5:23,"315,840"
Virtual Grid,Taylor Anderson,Lo-Fi,3:33,"304,252"
Dreams,Casey Jones,Rhythm,4:50,"298,426"
Silent Fire,Quinn Johnson,Lo-Fi,5:02,"277,179"
Fading Grid,Jamie Johnson,Jazz,4:35,"268,897"
Road,System Stars,Pop,4:39,"259,946"
Rift,Chris Johnson,Electronic,4:45,"245,942"
Broken Dreams,System Citys,Synthpop,5:41,"242,167"
Golden City,Project Grids,Metal,4:55,"241,508"
Fading Heart,Dakota Brown,Metal,5:23,"240,026"
Ocean,Jordan Davis,Classical,5:38,"237,349"
Long Note Symphony,Quinn Jackson,Lo-Fi,2:31,"230,729"
Echo,Band of Lights,Hip Hop,4:00,"227,249"
Secret Shadow,Jamie Johnson,R&B,2:54,"224,810"
Dreams,Jack Stauber,Synthpop,2:00,"222,707"
Echo,Band of Echos,Rock,3:14,"214,514"
Neon River,Band of Nights,Hip Hop,5:08,"203,096"
Fading Soul,Pat Taylor,Rhythm,3:24,"191,623"
Wild Shadow,Sons of Illusions,Rock,4:09,"185,809"
Limbo's Rift,Riley Williams,Synthpop,3:11,"142,687"
Wild Light,Chris Brown,Classical,5:55,"137,238"
Secret Fire,Riley Jones,Reggaeton,5:09,"127,490"
Heart,Jordan Harris,Hip Hop,4:27,"123,995"
Illusion,Sons of Rifts,Synthpop,3:33,"123,664"
Electric Whisper,The Stars,R&B,5:14,"121,050"
Soul,Quinn Smith,Country,5:46,"102,587"
Night,System Grids,Classical,5:23,"96,915"
Bitter Sequence,Project Illusions,Folk,5:37,"96,716"
Grid,Pat Smith,Metal,2:52,"94,717"
Dark Grid,Pat Williams,Country,2:07,"92,660"
Bitter City,Project Citys,Folk,2:20,"92,365"
Star,Jack Stauber,Synthpop,3:23,"87,559"
Wild City,Dakota Thomas,Pop,4:34,"86,176"
Neon Soul,Morgan Smith,Classical,5:07,"74,080"
Neon Echo,Sam White,Classical,5:05,"58,357"
Bitter Fire,Leo Harris,Synthpop,2:35,"54,672"
Broken Mind,The Souls,Reggaeton,4:43,"53,318"
Golden River,System Stars,Reggaeton,4:42,"46,482"
Lost Shadow,Maya Anderson,Reggaeton,3:18,"44,997"
Silent Sequence,Quinn Jones,Rock,5:43,"35,202"
Secret Dreams,Sons of Citys,Folk,2:25,"33,452"
Silent Illusion,Project Illusions,Reggaeton,4:43,"26,244"
Neon Grid,Echoes of Dreamss,Lo-Fi,5:47,"15,874"
Digital Fire,Jordan Davis,Hip Hop,5:53,"12,672"
Lost City,Dakota White,Lo-Fi,5:04,"9,210"
Neon Mind,Riley Miller,Country,4:11,"4,735"
Bitter Sequence,Jamie Taylor,Lo-Fi,2:45,"3,147"
Neon City,Taylor Williams,Hip Hop,4:35,"2,262"
Broken Illusion,Jordan Davis,Synthpop,4:08,"2,121"
