ID,Fuerza,Destreza,Inteligencia,Constitución,Suerte,Clase
1,51,92,14,71,60,Pícaro
2,20,82,86,74,74,Mago
3,87,99,23,2,21,Pícaro
4,52,1,87,29,37,Mago
5,1,63,59,20,32,Pícaro
6,75,57,21,88,48,Guardián
7,90,58,41,91,59,Guardián
8,79,14,61,61,46,Guerrero
9,61,50,54,63,2,Guardián
10,100,50,6,20,72,Guerrero
11,38,17,3,88,59,Guardián
12,13,8,89,52,1,Mago
13,83,91,59,70,43,Pícaro
14,7,46,34,77,80,Guardián
15,35,49,3,1,5,Pícaro
16,53,3,53,92,62,Guardián
17,17,89,43,33,73,Pícaro
18,61,99,13,94,47,Pícaro
19,14,71,77,86,61,Guardián
20,39,84,79,81,52,Pícaro
21,23,25,88,59,40,Mago
22,28,14,44,64,88,Guardián
23,70,8,87,0,7,Mago
24,87,62,10,80,7,Guerrero
25,34,34,32,4,40,Guerrero
26,27,6,72,71,11,Mago
27,33,32,47,22,61,Mago
28,87,36,98,43,85,Mago
29,90,34,64,98,100,Guardián
30,46,77,2,0,4,Pícaro
31,89,13,26,8,78,Guerrero
32,14,89,41,76,50,Pícaro
33,62,95,51,95,3,Pícaro
34,93,100,22,14,42,Pícaro
35,28,35,12,31,70,Pícaro
36,58,85,27,65,41,Pícaro
37,44,61,56,5,27,Pícaro
38,27,43,83,29,61,Mago
39,74,91,88,61,96,Pícaro
40,0,26,61,76,2,Guardián
41,69,71,26,8,61,Pícaro
42,36,96,50,43,23,Pícaro
43,78,58,31,95,87,Guardián
44,51,61,57,51,11,Pícaro
45,38,1,2,100,55,Guardián
46,80,58,1,1,91,Guerrero
47,53,86,100,95,96,Mago
48,0,18,1,52,43,Guardián
49,89,31,69,31,67,Guerrero
50,54,74,55,16,37,Pícaro
